ird Palo Alto Networks,Solutions Consultant 2 - Majors,https://www.linkedin.com/jobs/view/4262914196/,,Any,2025-07-15 15:44:54.862490
Akkodis,Vmware Consultant,https://www.linkedin.com/jobs/view/4252326801/,,Any,2025-07-15 15:45:55.490702
Ally,CSIRT Incident Response Lead/Manager,https://www.linkedin.com/jobs/view/4232570254/,,Any,2025-07-15 15:46:46.743627
Insight Global,Network Engineer,https://www.linkedin.com/jobs/view/4266574854/,,Any,2025-07-15 15:47:19.710400
KORE,IoT Solutions Architect (Entry-Level),https://www.linkedin.com/jobs/view/4249170732/,,Any,2025-07-15 15:50:10.213962
Equitable Advisors,Wealth Management Associate - Entry Level,https://www.linkedin.com/jobs/view/4264207583/,,Any,2025-07-15 15:50:50.585054
Coinbase,Blockchain Security Analyst & Researcher,https://www.linkedin.com/jobs/view/4241553187/,,Any,2025-07-15 15:51:04.406449
PointClickCare,AI Solution Engineer (US),https://www.linkedin.com/jobs/view/4259905970/,,Any,2025-07-15 15:52:36.376495
HRM Direct Middleware Test Company,IT ADMIN - Network,https://www.linkedin.com/jobs/view/4217617044/,,Any,2025-07-15 15:53:02.540354
Power Breezer,Field Service Technician,https://www.linkedin.com/jobs/view/4262873889/,,Any,2025-07-15 15:53:35.574329
Associate Staffing,Deployment Engineer,https://www.linkedin.com/jobs/view/4255954047/,,Any,2025-07-15 15:54:21.699651
HirePower Staffing Solution,System Administrator (URGENT HIRING),https://www.linkedin.com/jobs/view/4264439991/,,Any,2025-07-15 15:55:35.651319
Robert Half,IT Support Engineer,https://www.linkedin.com/jobs/view/4263643581/,,Any,2025-07-15 15:56:00.614584
Newton,Founding Business Development Representative,https://www.linkedin.com/jobs/view/4255264627/,,Any,2025-07-15 15:59:37.102048
JadAI,Human in the loop — dgital agent architect,https://www.linkedin.com/jobs/view/4218914893/,,Any,2025-07-15 16:00:04.975569
Blockmedia LLC,Web3/Tech Writer & Researcher,https://www.linkedin.com/jobs/view/4265384330/,,Any,2025-07-15 16:00:57.044945
The Vet On Main,Associate Veterinarian,https://www.linkedin.com/jobs/view/4209411621/,,Any,2025-07-15 16:01:51.266335
Exyn Technologies,Production Technician,https://www.linkedin.com/jobs/view/4264157619/,,Any,2025-07-15 16:02:49.819594
Relentless Adrenaline,Robot Maintenance SupportFull Time Graveyard Shift 10PM-630AM,https://www.linkedin.com/jobs/view/4265013799/,,Any,2025-07-15 16:03:45.492742
Newton,Founding Business Development Representative,https://www.linkedin.com/jobs/view/4255264627/,,Any,2025-07-15 16:16:26.722904
Fortune 500 Companies,Program Coordinator,https://www.linkedin.com/jobs/view/4267195031/,,Any,2025-07-15 16:17:23.002271
"International Institute for Learning, Inc.",Salesperson,https://www.linkedin.com/jobs/view/4258997969/,,Any,2025-07-15 16:18:23.952726
CustomGPT.ai,Technical Support Engineer – Top 7 AI Startup,https://www.linkedin.com/jobs/view/4195901830/,,Any,2025-07-15 16:18:44.549044
BIMCON Inc.,"6-Month Engineering Position – 3DX Solution Platform Support (Detroit, MI)",https://www.linkedin.com/jobs/view/4265812974/,,Any,2025-07-15 16:19:25.132158
Yochana,Datacenter Technician,https://www.linkedin.com/jobs/view/4267332809/,,Any,2025-07-15 16:22:49.415611
Wilson Elser,Cyber Incident Response Associate Attorney,https://www.linkedin.com/jobs/view/4232987310/,,Any,2025-07-15 16:23:14.975620
My Custom AI,AI / ML Engineer,https://www.linkedin.com/jobs/view/4245649284/,,Any,2025-07-15 20:58:14.448038
"PTY TECH, LLC",Windows Desktop Support Technician,https://www.linkedin.com/jobs/view/4266611662/,,Any,2025-07-15 21:25:27.187739
LDD Consulting,Information Technology Support Technician,https://www.linkedin.com/jobs/view/4183070879/,,Any,2025-07-15 21:25:55.179695
,,,,Any,2025-07-15 21:26:06.825508
,,,,Any,2025-07-15 21:26:17.269644
,,,,Any,2025-07-15 21:26:29.231726
,,,,Any,2025-07-15 21:26:40.974205
,,,,Any,2025-07-15 21:26:51.503032
,,,,Any,2025-07-15 21:27:01.174212
,,,,Any,2025-07-15 21:27:13.346733
Sea12,Forward Deployed Engineer,https://www.linkedin.com/jobs/view/4266057206/,,Any,2025-07-15 22:06:20.366683
Kepler,People Operations Specialist (New Grad),https://www.linkedin.com/jobs/view/4249973222/,,Any,2025-07-15 22:07:40.329727
Arnata,AI Researcher,https://www.linkedin.com/jobs/view/4237039242/,,Any,2025-07-15 22:09:07.861595
BIOVERSE,Full Stack Engineer,https://www.linkedin.com/jobs/view/4234709022/,,Any,2025-07-15 22:10:50.273825
StudioNow,AI Project Manager,https://www.linkedin.com/jobs/view/4248398777/,,Any,2025-07-15 22:12:30.609783
Think Circuits Engineers,Associate Software Engineer,https://www.linkedin.com/jobs/view/4231436566/,,Any,2025-07-15 22:14:00.438688
Stealth AI Enterprise Startup,AI Agents Engineer,https://www.linkedin.com/jobs/view/4262326260/,,Any,2025-07-15 22:14:50.043378
Sola,Software Engineer,https://www.linkedin.com/jobs/view/4266533729/,,Any,2025-07-15 22:16:10.089252
Kite AI,AI Product Engineer,https://www.linkedin.com/jobs/view/4247344749/,,Any,2025-07-15 22:16:55.306055
Koop,Software Engineer,https://www.linkedin.com/jobs/view/4257452805/,,Any,2025-07-15 22:18:45.635801
Harbor.ai,Data Engineer,https://www.linkedin.com/jobs/view/4258479663/,,Any,2025-07-15 22:21:36.387771
forml,Software Engineer,https://www.linkedin.com/jobs/view/4209301826/,,Any,2025-07-15 22:23:51.167953
"Flowmentum, Inc.",Artificial Intelligence Engineer,https://www.linkedin.com/jobs/view/4263935618/,,Any,2025-07-15 22:25:56.967371
PepperMill,Junior Full Stack Software Engineer,https://www.linkedin.com/jobs/view/4245360242/,,Any,2025-07-15 22:39:30.483131
CHAI: AI Platform,Software Engineer (All Levels),https://www.linkedin.com/jobs/view/4258354718/,,Any,2025-07-15 22:41:01.651134
Parambil,AI Engineer,https://www.linkedin.com/jobs/view/4237922966/,,Any,2025-07-15 22:42:36.640906
learnSTEM,Full-Stack Developer,https://www.linkedin.com/jobs/view/4235141310/,,Any,2025-07-15 22:44:20.551608
enter.health,"AI Researcher, Healthcare Revenue Cycle",https://www.linkedin.com/jobs/view/4231999751/,,Any,2025-07-15 22:45:11.554815
Impacter Pathway,"AI-First Startup Generalist (Remote, SoCal Preferred)",https://www.linkedin.com/jobs/view/4265027554/,,Any,2025-07-15 22:45:59.516273
Fyve By,Computer Vision Engineer,https://www.linkedin.com/jobs/view/4262871725/,,Any,2025-07-15 22:47:51.626795
OpenMind,Machine Learning Engineer,https://www.linkedin.com/jobs/view/4259225434/,,Any,2025-07-15 22:49:12.265200
Capgemini,Agentic AI,https://www.linkedin.com/jobs/view/4256521454/,,Any,2025-07-15 22:58:05.001463
Glocomms,AI Automation Specialist,https://www.linkedin.com/jobs/view/4263088227/,,Any,2025-07-15 22:58:51.366502
Dendritic Health AI,Full-Stack Engineer,https://www.linkedin.com/jobs/view/4258392795/,,Any,2025-07-15 23:00:29.103714
Aditi Consulting,AI Engineer,https://www.linkedin.com/jobs/view/4264765391/,,Any,2025-07-15 23:02:14.793478
Alium,Customer Success Associate,https://www.linkedin.com/jobs/view/4263483607/,,Any,2025-07-15 23:04:22.691125
FLASH Weather AI,Business Development Representative,https://www.linkedin.com/jobs/view/4264188185/,,Any,2025-07-15 23:04:58.960393
GoJoe Patrol of Montgomery County,Security Guard,https://www.linkedin.com/jobs/view/4267246398/,,Any,2025-07-16 09:35:01.227537
GoJoe Patrol of Montgomery County,Security Guard,https://www.linkedin.com/jobs/view/4267246398/,,Any,2025-07-16 09:36:54.249291
xAI,Information Security Engineer - Generalist,https://www.linkedin.com/jobs/view/4252863947/,,Any,2025-07-16 09:38:12.881365
Glocomms,Information Security Operations Engineer,https://www.linkedin.com/jobs/view/4256916353/,,Any,2025-07-16 09:38:46.265220
My Custom AI,AI / ML Engineer,https://www.linkedin.com/jobs/view/4245649284/,,Any,2025-07-16 09:41:52.819738
InterEx Group,Entry Level Delivery Consultant,https://www.linkedin.com/jobs/view/4260754590/,,Any,2025-07-16 09:45:06.106392
GoJoe Patrol of Montgomery County,Security Guard,https://www.linkedin.com/jobs/view/4267246398/,,Any,2025-07-16 09:49:38.705123
HD TECH Recruitment,Cyber Security Analyst,https://www.linkedin.com/jobs/view/4249927564/,,Any,2025-07-16 09:50:45.245395
CustomGPT.ai,Technical Support Engineer – Top 7 AI Startup,https://www.linkedin.com/jobs/view/4195901830/,,Any,2025-07-16 10:01:08.602414
Sea12,Forward Deployed Engineer,https://www.linkedin.com/jobs/view/4266057206/,,Any,2025-07-16 10:01:25.177872
Inceed,AI Prompt Engineer,https://www.linkedin.com/jobs/view/4245371146/,,Any,2025-07-16 10:02:15.082184
Yochana,Datacenter Technician,https://www.linkedin.com/jobs/view/4267332809/,,Any,2025-07-16 10:03:47.498271
ManagedWay,Entry-Level Data Center Technician / Network Operations Technician,https://www.linkedin.com/jobs/view/4265333415/,,Any,2025-07-16 10:05:43.564386
Tom's Watch Bar,Information Technology Support Specialist,https://www.linkedin.com/jobs/view/4262184507/,,Any,2025-07-16 10:06:45.739138
DAG Tech,IT Support Engineer,https://www.linkedin.com/jobs/view/4264674264/,,Any,2025-07-16 10:08:06.105550
Stealth AI Enterprise Startup,AI Agents Engineer,https://www.linkedin.com/jobs/view/4262326260/,,Any,2025-07-16 10:10:44.638917
Sea12,Forward Deployed Engineer,https://www.linkedin.com/jobs/view/4266057206/,,Any,2025-07-16 10:11:01.810539
Prolific,AI Trainer - Advanced Python Developers (US),https://www.linkedin.com/jobs/view/4204992570/,,Any,2025-07-16 10:12:15.281465
Dexian,Full Stack Python/AI Dev,https://www.linkedin.com/jobs/view/4259865749/,,Any,2025-07-16 10:12:47.667948
Stealth AI Enterprise Startup,AI Agents Engineer,https://www.linkedin.com/jobs/view/4262326260/,,Any,2025-07-16 10:15:14.705738
CyberCoders,AI/ML Engineer - CV Focus,https://www.linkedin.com/jobs/view/4263776582/,,Any,2025-07-16 10:15:52.226018
Kite AI,AI Product Engineer,https://www.linkedin.com/jobs/view/4247344749/,,Any,2025-07-16 10:17:51.964964
Stealth AI Enterprise Startup,AI Agents Engineer,https://www.linkedin.com/jobs/view/4262326260/,,Any,2025-07-16 10:18:07.072551
Sea12,Forward Deployed Engineer,https://www.linkedin.com/jobs/view/4266057206/,,Any,2025-07-16 10:18:22.242949
Saragossa,Artificial Intelligence Engineer,https://www.linkedin.com/jobs/view/4259858910/,,Any,2025-07-16 10:18:54.516842
Yochana,Datacenter Technician,https://www.linkedin.com/jobs/view/4267332809/,,Any,2025-07-16 10:21:23.674118
Insight Global,Information Technology Technical Support,https://www.linkedin.com/jobs/view/4262865498/,,Any,2025-07-16 10:22:31.715362
Kite AI,AI Product Engineer,https://www.linkedin.com/jobs/view/4247344749/,,Any,2025-07-16 10:25:07.298654
Stealth AI Enterprise Startup,AI Agents Engineer,https://www.linkedin.com/jobs/view/4262326260/,,Any,2025-07-16 10:25:23.357362
Sea12,Forward Deployed Engineer,https://www.linkedin.com/jobs/view/4266057206/,,Any,2025-07-16 10:25:37.598678
Harnham,AI Prompt Engineer/ Change Manager,https://www.linkedin.com/jobs/view/4256527019/,,Any,2025-07-16 10:26:13.853788
Kite AI,AI Product Engineer,https://www.linkedin.com/jobs/view/4247344749/,,Any,2025-07-16 10:28:05.547976
Stealth AI Enterprise Startup,AI Agents Engineer,https://www.linkedin.com/jobs/view/4262326260/,,Any,2025-07-16 10:28:24.509249
"Flowmentum, Inc.",Artificial Intelligence Engineer,https://www.linkedin.com/jobs/view/4263935618/,,Any,2025-07-16 10:28:41.611390
Sea12,Forward Deployed Engineer,https://www.linkedin.com/jobs/view/4266057206/,,Any,2025-07-16 10:29:00.327935
Infosys,Graduate Management Trainee,https://www.linkedin.com/jobs/view/4263377166/,,Any,2025-07-16 10:30:09.427149
Kite AI,AI Product Engineer,https://www.linkedin.com/jobs/view/4247344749/,,Any,2025-07-16 10:32:40.229525
Stealth AI Enterprise Startup,AI Agents Engineer,https://www.linkedin.com/jobs/view/4262326260/,,Any,2025-07-16 10:32:57.494248
"Flowmentum, Inc.",Artificial Intelligence Engineer,https://www.linkedin.com/jobs/view/4263935618/,,Any,2025-07-16 10:33:16.370042
Sea12,Forward Deployed Engineer,https://www.linkedin.com/jobs/view/4266057206/,,Any,2025-07-16 10:33:31.650993
"Softworld, a Kelly Company",Software Developer - AI/ML- LLJP00001776,https://www.linkedin.com/jobs/view/4258309371/,,Any,2025-07-16 10:34:09.305118
Kite AI,AI Product Engineer,https://www.linkedin.com/jobs/view/4247344749/,,Any,2025-07-16 10:35:54.567425
Stealth AI Enterprise Startup,AI Agents Engineer,https://www.linkedin.com/jobs/view/4262326260/,,Any,2025-07-16 10:36:11.564957
"Flowmentum, Inc.",Artificial Intelligence Engineer,https://www.linkedin.com/jobs/view/4263935618/,,Any,2025-07-16 10:36:27.856228
Sea12,Forward Deployed Engineer,https://www.linkedin.com/jobs/view/4266057206/,,Any,2025-07-16 10:36:43.300522
PointClickCare,AI Solution Engineer (US),https://www.linkedin.com/jobs/view/4259905970/,,Any,2025-07-16 10:37:00.002283
Arnata,AI Researcher,https://www.linkedin.com/jobs/view/4237039242/,,Any,2025-07-16 10:37:16.973326
Insight Global,Virtual Reality Specialist,https://www.linkedin.com/jobs/view/4260171675/,,Any,2025-07-16 10:38:29.833000
Stealth AI Enterprise Startup,AI Agents Engineer,https://www.linkedin.com/jobs/view/4262326260/,,Any,2025-07-16 10:40:18.227375
Octogen AI,Founding Engineers,https://www.linkedin.com/jobs/view/4248268441/,,Any,2025-07-16 10:40:48.928618
Kite AI,AI Product Engineer,https://www.linkedin.com/jobs/view/4247344749/,,Any,2025-07-16 10:43:24.079833
Stealth AI Enterprise Startup,AI Agents Engineer,https://www.linkedin.com/jobs/view/4262326260/,,Any,2025-07-16 10:43:42.308053
"Flowmentum, Inc.",Artificial Intelligence Engineer,https://www.linkedin.com/jobs/view/4263935618/,,Any,2025-07-16 10:43:57.755374
Sea12,Forward Deployed Engineer,https://www.linkedin.com/jobs/view/4266057206/,,Any,2025-07-16 10:44:14.132858
Arnata,AI Researcher,https://www.linkedin.com/jobs/view/4237039242/,,Any,2025-07-16 10:44:29.945623
PointClickCare,AI Solution Engineer (US),https://www.linkedin.com/jobs/view/4259905970/,,Any,2025-07-16 10:44:46.095552
"Bespoke Technologies, Inc.",AI Software Engineer,https://www.linkedin.com/jobs/view/4249267028/,,Any,2025-07-16 10:46:10.691120
The Planet Group,AI Infrastructure Engineer,https://www.linkedin.com/jobs/view/4266577858/,,Any,2025-07-16 10:47:33.345324
Stealth AI Enterprise Startup,AI Agents Engineer,https://www.linkedin.com/jobs/view/4262326260/,,Any,2025-07-16 10:50:07.120404
"Flowmentum, Inc.",Artificial Intelligence Engineer,https://www.linkedin.com/jobs/view/4263935618/,,Any,2025-07-16 10:50:24.453028
Kite AI,AI Product Engineer,https://www.linkedin.com/jobs/view/4247344749/,,Any,2025-07-16 10:50:43.277580
Sea12,Forward Deployed Engineer,https://www.linkedin.com/jobs/view/4266057206/,,Any,2025-07-16 10:51:00.647520
Arnata,AI Researcher,https://www.linkedin.com/jobs/view/4237039242/,,Any,2025-07-16 10:51:17.428307
PointClickCare,AI Solution Engineer (US),https://www.linkedin.com/jobs/view/4259905970/,,Any,2025-07-16 10:51:35.511635
9 Mothers,Founding AI / Perception Engineer,https://www.linkedin.com/jobs/view/4259910588/,,Any,2025-07-16 10:52:53.214933
Stealth AI Enterprise Startup,AI Agents Engineer,https://www.linkedin.com/jobs/view/4262326260/,,Any,2025-07-16 10:54:48.670342
Bosch USA,Research Engineer/Scientist- Security and Privacy,https://www.linkedin.com/jobs/view/4223881612/,,Any,2025-07-16 10:56:16.476585
Sampling Human,AI/ML Scientist,https://www.linkedin.com/jobs/view/4214834978/,,Any,2025-07-16 10:57:59.813055
Capgemini,Agentic AI,https://www.linkedin.com/jobs/view/4256521454/,,Any,2025-07-16 10:59:19.488913
Stealth AI Enterprise Startup,AI Agents Engineer,https://www.linkedin.com/jobs/view/4262326260/,,Any,2025-07-16 10:59:31.984567
"Flowmentum, Inc.",Artificial Intelligence Engineer,https://www.linkedin.com/jobs/view/4263935618/,,Any,2025-07-16 10:59:43.934557
Arnata,AI Researcher,https://www.linkedin.com/jobs/view/4237039242/,,Any,2025-07-16 10:59:54.952597
,,,,Any,2025-07-16 10:59:58.964730
,,,,Any,2025-07-16 11:00:05.391261
,,,,Any,2025-07-16 11:00:08.586525
,,,,Any,2025-07-16 11:00:13.559717
,,,,Any,2025-07-16 11:00:18.924929
,,,,Any,2025-07-16 11:00:24.812668
,,,,Any,2025-07-16 11:00:28.974058
,,,,Any,2025-07-16 11:00:32.120200
,,,,Any,2025-07-16 11:00:35.567824
,,,,Any,2025-07-16 11:00:39.309082
,,,,Any,2025-07-16 11:00:45.217825
,,,,Any,2025-07-16 11:00:49.734473
,,,,Any,2025-07-16 11:00:55.741463
,,,,Any,2025-07-16 11:01:00.273087
,,,,Any,2025-07-16 11:01:05.892651
,,,,Any,2025-07-16 11:01:09.942958
,,,,Any,2025-07-16 11:01:14.583399
,,,,Any,2025-07-16 11:01:20.851786
,,,,Any,2025-07-16 11:01:26.432005
,,,,Any,2025-07-16 11:01:32.394955
,,,,Any,2025-07-16 11:01:36.513135
"Tridium Technology Solutions, LLC",Cloud Associate - Microsoft 365,https://www.linkedin.com/jobs/view/4258780124/,,Any,2025-07-16 11:05:08.756748
Wilson Elser,Cyber Incident Response Associate Attorney,https://www.linkedin.com/jobs/view/4232986402/,,Any,2025-07-16 11:07:24.297433
Plymouth Rock Assurance,Data Scientist,https://www.linkedin.com/jobs/view/4258047018/,,Any,2025-07-16 11:25:51.817368
Aditi Consulting,Data Scientist,https://www.linkedin.com/jobs/view/4259479273/,,Any,2025-07-16 11:26:06.768864
MetroStar,Associate Data Scientist (5682),https://www.linkedin.com/jobs/view/4150388919/,,Any,2025-07-16 11:26:23.553532
Raft,Data Scientist,https://www.linkedin.com/jobs/view/4242454607/,,Any,2025-07-16 11:26:39.520073
"Agero, Inc.",Data Scientist (Forecasting),https://www.linkedin.com/jobs/view/4236112609/,,Any,2025-07-16 11:26:56.499423
Stealth AI Enterprise Startup,AI Agents Engineer,https://www.linkedin.com/jobs/view/4262326260/,,Any,2025-07-16 11:27:08.907731
Harnham,Perception Engineer,https://www.linkedin.com/jobs/view/4256522562/,,Any,2025-07-16 11:27:25.471854
Brooklyn Fiber,ISP Network Operations Administrator,https://www.linkedin.com/jobs/view/4253528416/,,Any,2025-07-17 08:30:57.996475
Interpublic Group (IPG),Associate Technology Delivery Analyst,https://www.linkedin.com/jobs/view/4252017901/,,Any,2025-07-17 08:33:37.201923
"Actron Systems, Inc.",Monitoring Specialist,https://www.linkedin.com/jobs/view/4255211822/,,Any,2025-07-17 08:36:42.203469
Eden Prescott,"Forward Deployment Engineer, AI",https://www.linkedin.com/jobs/view/4266836217/,,Any,2025-07-17 08:39:16.950630
Comrise,Cybersecurity Engineer (Hybrid),https://www.linkedin.com/jobs/view/4258735372/,,Any,2025-07-17 08:41:41.175554
Stealth AI Enterprise Startup,AI Agents Engineer,https://www.linkedin.com/jobs/view/4262326260/,,Any,2025-07-17 08:43:22.554650
Capgemini,Agentic AI,https://www.linkedin.com/jobs/view/4256521454/,,Any,2025-07-17 08:43:35.831594
Glocomms,AI Automation Specialist,https://www.linkedin.com/jobs/view/4263088227/,,Any,2025-07-17 08:43:48.773230
Parambil,AI Engineer,https://www.linkedin.com/jobs/view/4237922966/,,Any,2025-07-17 08:44:01.095783
Digitive,Entry Level Computer Science Master's Grads - AI/ML,https://www.linkedin.com/jobs/view/4266620481/,,Any,2025-07-17 08:44:56.655814
Trace3,Security,https://www.linkedin.com/jobs/view/4207680914/,,Any,2025-07-17 08:47:42.678467
Stealth AI Enterprise Startup,AI Agents Engineer,https://www.linkedin.com/jobs/view/4262326260/,,Any,2025-07-17 08:49:55.756841
Kite AI,AI Product Engineer,https://www.linkedin.com/jobs/view/4247344749/,,Any,2025-07-17 08:50:09.751647
Sea12,Forward Deployed Engineer,https://www.linkedin.com/jobs/view/4266057206/,,Any,2025-07-17 08:50:21.857284
"Flowmentum, Inc.",Artificial Intelligence Engineer,https://www.linkedin.com/jobs/view/4263935618/,,Any,2025-07-17 08:50:33.629748
Capgemini,Agentic AI,https://www.linkedin.com/jobs/view/4256521454/,,Any,2025-07-17 08:50:43.912825
Glocomms,AI Automation Specialist,https://www.linkedin.com/jobs/view/4263088227/,,Any,2025-07-17 08:50:54.177186
Tech Consulting,Junior Python Developer,https://www.linkedin.com/jobs/view/4268212367/,,Any,2025-07-17 08:51:45.217679
"Keeper Security, Inc.",Implementation Specialist,https://www.linkedin.com/jobs/view/4260305559/,,Any,2025-07-17 08:54:43.663480
Fruition Group,Cybersecurity Services - Field Sales Specialist,https://www.linkedin.com/jobs/view/4253608504/,,Any,2025-07-17 08:55:33.363925
Equity Residential,Information Technology Security Analyst,https://www.linkedin.com/jobs/view/4251531750/,,Any,2025-07-17 08:58:19.886019
Aditi Consulting,Data Scientist,https://www.linkedin.com/jobs/view/4259479273/,,Any,2025-07-17 09:01:34.735477
Arcadia Investment Partners,Family Office Public Securities Analyst,https://www.linkedin.com/jobs/view/4255911725/,,Any,2025-07-17 09:04:31.910274
Pallas Security,AI Security Researcher/Engineer,https://www.linkedin.com/jobs/view/4255599563/,,Any,2025-07-17 09:07:25.665451
Motion Recruitment,Data Center Engineer,https://www.linkedin.com/jobs/view/4267533062/,,Any,2025-07-17 09:10:18.996108
Wilson Elser,Cyber Incident Response Associate Attorney,https://www.linkedin.com/jobs/view/4232987309/,,Any,2025-07-17 09:13:58.648250
HCLTech,Field Support Technician,https://www.linkedin.com/jobs/view/4255193138/,,Any,2025-07-17 09:15:18.531776
Coinbase,Blockchain Security Analyst & Researcher,https://www.linkedin.com/jobs/view/4241553187/,,Any,2025-07-17 09:19:15.580204
iFlow Inc.,Hardware Embedded Penetration Tester,https://www.linkedin.com/jobs/view/4261724593/,,Any,2025-07-17 09:21:54.848858
Sibylline Ltd,Embedded GSOC Analyst,https://www.linkedin.com/jobs/view/4259563959/,,Any,2025-07-17 09:24:37.464551
Aditi Consulting,Security Operation Analyst 2,https://www.linkedin.com/jobs/view/4258084763/,,Any,2025-07-17 09:25:53.794495
Inceed,Information Security Engineer,https://www.linkedin.com/jobs/view/4258353996/,,Any,2025-07-17 09:28:20.626141
Insight Global,Jr. Desktop Support / Network Specialist,https://www.linkedin.com/jobs/view/4267300548/,,Any,2025-07-17 09:32:22.860033
Aditi Consulting,Systems Specialist I,https://www.linkedin.com/jobs/view/4266391879/,,Any,2025-07-17 09:32:38.122054
Inceed,System Administrator,https://www.linkedin.com/jobs/view/4262316965/,,Any,2025-07-17 09:32:52.929420
Peyton Resource Group,Network Operations Center Technician,https://www.linkedin.com/jobs/view/4265011466/,,Any,2025-07-17 09:33:03.127213
Mainspring Energy,Associate Software Test Engineer (Embedded),https://www.linkedin.com/jobs/view/4259592840/,,Any,2025-07-17 09:34:04.095705
Verkada,Solutions Engineer,https://www.linkedin.com/jobs/view/4247584733/,,Any,2025-07-17 09:35:37.088717
Raintree Systems,IT Security Analyst,https://www.linkedin.com/jobs/view/4258140848/,,Any,2025-07-17 09:40:52.590885
Avint,SOC Analyst,https://www.linkedin.com/jobs/view/4253131358/,,Any,2025-07-17 09:41:10.094199
TECHEAD,Jr Cybersecurity Analyst,https://www.linkedin.com/jobs/view/4266317221/,,Any,2025-07-17 09:41:25.045391
The Intersect Group,Cyber Security Analyst,https://www.linkedin.com/jobs/view/4261838587/,,Any,2025-07-17 09:41:37.868660
HD TECH Recruitment,Cyber Security Analyst,https://www.linkedin.com/jobs/view/4249927564/,,Any,2025-07-17 09:41:51.182103
KAPITAL,Workday HCM / Fin Security Analyst,https://www.linkedin.com/jobs/view/4231643906/,,Any,2025-07-17 09:42:23.084292
Kelly,Jr. SOC Analyst,https://www.linkedin.com/jobs/view/4258085196/,,Any,2025-07-17 09:43:22.334652
Aarna Software and Solutions LLC,Machine Learning Engineer,https://www.linkedin.com/jobs/view/4265345121/,,Any,2025-07-17 09:46:30.934426
Aarna Software and Solutions LLC,Machine Learning Engineer,https://www.linkedin.com/jobs/view/4258348541/,,Any,2025-07-17 09:49:36.143167
TECHEAD,Jr Cybersecurity Analyst,https://www.linkedin.com/jobs/view/4266317221/,,Any,2025-07-17 09:52:42.721557
Avint,SOC Analyst,https://www.linkedin.com/jobs/view/4253131358/,,Any,2025-07-17 09:55:00.593691
IT Security C&T,SOC Analyst L2- Amman/Jordan,https://www.linkedin.com/jobs/view/4223239120/,,Any,2025-07-17 09:55:15.350843
RKON,Jr. SOC Analyst (Tier 1),https://www.linkedin.com/jobs/view/4211175823/,,Any,2025-07-17 09:55:32.276970
HD TECH Recruitment,Cyber Security Analyst,https://www.linkedin.com/jobs/view/4249927564/,,Any,2025-07-17 09:55:46.330408
"Epsilon, Inc.","Information Assurance Analyst II - Crystal City, VA",https://www.linkedin.com/jobs/view/4255444830/,,Any,2025-07-17 09:56:17.828146
Nation Safe Drivers,Cyber Security Analyst,https://www.linkedin.com/jobs/view/4256304219/,,Any,2025-07-17 09:57:16.056099
Stealth AI Enterprise Startup,AI Agents Engineer,https://www.linkedin.com/jobs/view/4262332237/,,Any,2025-07-17 10:00:08.995603
Brooklyn Fiber,ISP Network Operations Administrator,https://www.linkedin.com/jobs/view/4253528416/,,Any,2025-07-17 10:02:02.563688
Insight Global,Information Technology Technical Support,https://www.linkedin.com/jobs/view/4262865498/,,Any,2025-07-17 10:02:17.246991
ManagedWay,Entry-Level Data Center Technician / Network Operations Technician,https://www.linkedin.com/jobs/view/4265333415/,,Any,2025-07-17 10:02:29.800882
NextGen | GTA: A Kelly Telecom Company,Network Technician,https://www.linkedin.com/jobs/view/4265377562/,,Any,2025-07-17 10:03:19.443037
GMIC AI- Clinmic,AI Agent Product Manager / Engineer,https://www.linkedin.com/jobs/view/4260440296/,,Any,2025-07-17 10:06:17.815067
Mogo,Junior Full Stack AI Engineer (Remote),https://www.linkedin.com/jobs/view/4267775680/,,Any,2025-07-17 10:09:12.977830
Mito Labs,Artificial Intelligence Engineer,https://www.linkedin.com/jobs/view/4158015030/,,Any,2025-07-17 10:10:01.208538
Saicon,Cyber Security Engineer,https://www.linkedin.com/jobs/view/4268613091/,,Any,2025-07-17 10:12:23.016982
Brooklyn Fiber,ISP Network Operations Administrator,https://www.linkedin.com/jobs/view/4253528416/,,Any,2025-07-17 11:10:03.697200
Insight Global,Information Technology Technical Support,https://www.linkedin.com/jobs/view/4262865498/,,Any,2025-07-17 11:10:38.521920
Dunhill Professional Search & Government Solutions,Information Technology Support Specialist,https://www.linkedin.com/jobs/view/4265225409/,,Any,2025-07-17 11:11:58.406226
ManagedWay,Entry-Level Data Center Technician / Network Operations Technician,https://www.linkedin.com/jobs/view/4265333415/,,Any,2025-07-17 11:12:27.046599
Douglas Elliman Property Management,Technology Support – Applications Specialist,https://www.linkedin.com/jobs/view/4248310732/,,Any,2025-07-17 11:13:58.446381
Robert Half,Administrative Assistant,https://www.linkedin.com/jobs/view/4263642259/,,Any,2025-07-17 11:21:25.163828
,,,,Any,2025-07-17 11:22:06.837123
xAI,Information Security Engineer - Generalist,https://www.linkedin.com/jobs/view/4252863947/,,Any,2025-07-17 11:48:16.054151
"Epsilon, Inc.","Cybersecurity Engineer II - Manassas, VA",https://www.linkedin.com/jobs/view/4265452925/,,Any,2025-07-17 11:49:15.860140
Tech Consulting,Junior Python Developer,https://www.linkedin.com/jobs/view/4268212367/,,Any,2025-07-17 11:51:52.184922
Stealth AI Enterprise Startup,Forward Deployed Engineer,https://www.linkedin.com/jobs/view/4262323437/,,Any,2025-07-17 11:52:22.343655
Aditi Consulting,Info Security Engineer II,https://www.linkedin.com/jobs/view/4251783706/,,Any,2025-07-17 11:55:44.806147
Brooklyn Fiber,ISP Network Operations Administrator,https://www.linkedin.com/jobs/view/4253528416/,,Any,2025-07-17 11:58:23.963660
Motion Recruitment,IT Applications Associate,https://www.linkedin.com/jobs/view/4268617271/,,Any,2025-07-17 11:59:22.003569
Equity Residential,Information Technology Security Analyst,https://www.linkedin.com/jobs/view/4251531750/,,Any,2025-07-17 12:01:20.913888
Pallas Security,AI Security Researcher/Engineer,https://www.linkedin.com/jobs/view/4255599563/,,Any,2025-07-17 12:01:32.665463
"Independent Software, Inc.","Windows Security Researcher, Level 3",https://www.linkedin.com/jobs/view/4170251084/,,Any,2025-07-17 12:02:10.657144
KAPITAL,Workday HCM / Fin Security Analyst,https://www.linkedin.com/jobs/view/4231643906/,,Any,2025-07-17 12:02:49.230738
Tech Consulting,Junior Python Developer,https://www.linkedin.com/jobs/view/4268212367/,,Any,2025-07-17 12:05:09.524195
Inceed,AI Prompt Engineer,https://www.linkedin.com/jobs/view/4245371146/,,Any,2025-07-17 12:05:21.029302
"Bespoke Technologies, Inc.",AI Software Engineer,https://www.linkedin.com/jobs/view/4249267028/,,Any,2025-07-17 12:06:28.043111
2070 Health,Forward Deployed Artificial Intelligence Engineer,https://www.linkedin.com/jobs/view/4228935933/,,Any,2025-07-17 12:06:56.842023
Kite AI,AI Product Engineer,https://www.linkedin.com/jobs/view/4247344749/,,Any,2025-07-17 12:07:09.554023
Aarna Software and Solutions LLC,Artificial Intelligence Engineer,https://www.linkedin.com/jobs/view/4268278874/,,Any,2025-07-17 12:07:59.633241
Aditi Consulting,Data Scientist,https://www.linkedin.com/jobs/view/4259479273/,,Any,2025-07-17 12:10:09.721268
Raft,Data Scientist,https://www.linkedin.com/jobs/view/4242454607/,,Any,2025-07-17 12:10:36.966786
Plymouth Rock Assurance,Data Scientist,https://www.linkedin.com/jobs/view/4258047018/,,Any,2025-07-17 12:10:49.192733
DataVisor,Data Scientist - Fraud Detection,https://www.linkedin.com/jobs/view/4233266694/,,Any,2025-07-17 12:11:50.124430
Rawle & Henderson LLP,Level 1 User Support Analyst,https://www.linkedin.com/jobs/view/4266974608/,,Any,2025-07-17 12:14:54.944649
Tech Consulting,Junior Python Developer,https://www.linkedin.com/jobs/view/4268212367/,,Any,2025-07-17 12:17:21.133199
Inceed,AI Prompt Engineer,https://www.linkedin.com/jobs/view/4245371146/,,Any,2025-07-17 12:17:33.948890
9 Mothers,Founding AI / Perception Engineer,https://www.linkedin.com/jobs/view/4259910588/,,Any,2025-07-17 12:17:45.223178
"AG Mednet, Inc.",AI Engineer,https://www.linkedin.com/jobs/view/4240325837/,,Any,2025-07-17 12:18:41.363437
Tech Consulting,Junior Python Developer,https://www.linkedin.com/jobs/view/4268212367/,,Any,2025-07-17 12:20:24.256466
Aarna Software and Solutions LLC,Machine Learning Engineer,https://www.linkedin.com/jobs/view/4258727460/,,Any,2025-07-17 12:21:11.445686
Trace3,Security,https://www.linkedin.com/jobs/view/4207680914/,,Any,2025-07-17 12:23:32.747201
"Actron Systems, Inc.",Monitoring Specialist,https://www.linkedin.com/jobs/view/4255211822/,,Any,2025-07-17 12:23:43.799090
"Keeper Security, Inc.",Implementation Specialist,https://www.linkedin.com/jobs/view/4260305559/,,Any,2025-07-17 12:24:44.368512
CyberCoders,Cyber Security Specialist,https://www.linkedin.com/jobs/view/4268206809/,,Any,2025-07-17 12:25:12.770681
Glocomms,Security Engineer - Application Security,https://www.linkedin.com/jobs/view/4256937746/,,Any,2025-07-17 12:27:08.915969
Inceed,Information Security Engineer,https://www.linkedin.com/jobs/view/4258353996/,,Any,2025-07-17 12:27:20.612065
Atomus,Cyber Security Engineer,https://www.linkedin.com/jobs/view/4207114459/,,Any,2025-07-17 12:28:17.757605
Inceed,Information Security Engineer,https://www.linkedin.com/jobs/view/4258353996/,,Any,2025-07-17 12:30:55.139142
Glocomms,Information Security Operations Engineer,https://www.linkedin.com/jobs/view/4256916353/,,Any,2025-07-17 12:31:09.116252
"Epsilon, Inc.","Cybersecurity Engineer II - Crystal City, VA",https://www.linkedin.com/jobs/view/4265450896/,,Any,2025-07-17 12:32:08.258761
"Acara Solutions, An Aleron Company",System Engineer,https://www.linkedin.com/jobs/view/4268289280/,,Any,2025-07-17 12:34:53.423568
Aditi Consulting,Security Operation Analyst 2,https://www.linkedin.com/jobs/view/4258084763/,,Any,2025-07-17 12:36:56.590690
Arcadia Investment Partners,Family Office Public Securities Analyst,https://www.linkedin.com/jobs/view/4255911725/,,Any,2025-07-17 12:37:06.718800
Equity Residential,Information Technology Security Analyst,https://www.linkedin.com/jobs/view/4251531750/,,Any,2025-07-17 12:37:21.591425
Coinbase,Blockchain Security Analyst & Researcher,https://www.linkedin.com/jobs/view/4241553187/,,Any,2025-07-17 12:37:35.415521
Raintree Systems,IT Security Analyst,https://www.linkedin.com/jobs/view/4258140848/,,Any,2025-07-17 12:38:22.040830
"Epsilon, Inc.","Information Assurance Analyst II - Crystal City, VA",https://www.linkedin.com/jobs/view/4255444830/,,Any,2025-07-17 12:39:17.022721
Aditi Consulting,Security Operation Analyst 2,https://www.linkedin.com/jobs/view/4258084763/,,Any,2025-07-17 12:41:28.178984
Arcadia Investment Partners,Family Office Public Securities Analyst,https://www.linkedin.com/jobs/view/4255911725/,,Any,2025-07-17 12:41:40.162015
Sibylline Ltd,Embedded GSOC Analyst,https://www.linkedin.com/jobs/view/4259563959/,,Any,2025-07-17 12:41:53.906375
Equity Residential,Information Technology Security Analyst,https://www.linkedin.com/jobs/view/4251531750/,,Any,2025-07-17 12:42:10.387736
Avint,SOC Analyst,https://www.linkedin.com/jobs/view/4253131358/,,Any,2025-07-17 12:42:21.814196
Coinbase,Blockchain Security Analyst & Researcher,https://www.linkedin.com/jobs/view/4241553187/,,Any,2025-07-17 12:42:35.851744
Kelly,Jr. SOC Analyst,https://www.linkedin.com/jobs/view/4258085196/,,Any,2025-07-17 12:42:43.607884
IT Security C&T,SOC Analyst L2- Amman/Jordan,https://www.linkedin.com/jobs/view/4223239120/,,Any,2025-07-17 12:42:58.366325
RKON,Jr. SOC Analyst (Tier 1),https://www.linkedin.com/jobs/view/4211175823/,,Any,2025-07-17 12:43:15.665373
Nation Safe Drivers,Cyber Security Analyst,https://www.linkedin.com/jobs/view/4256304219/,,Any,2025-07-17 12:43:26.202893
Sectigo,Web Security Analyst II,https://www.linkedin.com/jobs/view/4251517209/,,Any,2025-07-17 12:43:40.734372
Aditi Consulting,Tier 3 Vulnerability Security Analyst,https://www.linkedin.com/jobs/view/4261067576/,,Any,2025-07-17 12:43:57.632305
"Epsilon, Inc.","Information Assurance Analyst II - Crystal City, VA",https://www.linkedin.com/jobs/view/4255444830/,,Any,2025-07-17 12:44:13.498283
KAPITAL,Workday HCM / Fin Security Analyst,https://www.linkedin.com/jobs/view/4231643906/,,Any,2025-07-17 12:44:20.660896
"Independent Software, Inc.","Windows Security Researcher, Level 3",https://www.linkedin.com/jobs/view/4170251084/,,Any,2025-07-17 12:44:36.956067
Tech Consulting,Junior Python Developer,https://www.linkedin.com/jobs/view/4268212367/,,Any,2025-07-17 12:45:25.634928
CyberCoders,Rust Engineer - Hybrid NYC,https://www.linkedin.com/jobs/view/4052734660/,,Any,2025-07-17 12:45:41.352468
CollectWise,Founding Engineer,https://www.linkedin.com/jobs/view/4255656801/,,Any,2025-07-17 12:45:57.094780
SpeedR Ai,Artificial Intelligence Engineer,https://www.linkedin.com/jobs/view/4268616565/,,Any,2025-07-17 12:46:11.836668
iConsultera,AI/ML Engineer,https://www.linkedin.com/jobs/view/4267929344/,,Any,2025-07-17 12:46:25.148210
Aarna Software and Solutions LLC,Artificial Intelligence Engineer,https://www.linkedin.com/jobs/view/4265338970/,,Any,2025-07-17 12:46:38.428683
xAI,Applied AI Engineer & Researcher - Post Training,https://www.linkedin.com/jobs/view/4215157339/,,Any,2025-07-17 12:46:53.238854
Digitive,Entry Level Computer Science Master's Grads - AI/ML,https://www.linkedin.com/jobs/view/4266620481/,,Any,2025-07-17 12:47:01.992989
"Softworld, a Kelly Company",Software Developer - AI/ML- LLJP00001776,https://www.linkedin.com/jobs/view/4258309371/,,Any,2025-07-17 12:47:11.652018
Selby Jennings,Research Engineer - AI,https://www.linkedin.com/jobs/view/4264752532/,,Any,2025-07-17 12:47:27.100392
Together AI,"AI Researcher, Core ML",https://www.linkedin.com/jobs/view/3959593877/,,Any,2025-07-17 12:47:43.116239
Lucid AI,Applied ML Researcher,https://www.linkedin.com/jobs/view/4265938155/,,Any,2025-07-17 12:47:53.903280
Pointer Technologies,AI/ML Software Engineer,https://www.linkedin.com/jobs/view/4119093334/,,Any,2025-07-17 12:48:08.895463
Insight Global,Virtual Reality Specialist,https://www.linkedin.com/jobs/view/4268266830/,,Any,2025-07-17 12:48:27.432045
Raft,AI/ML Engineer,https://www.linkedin.com/jobs/view/4241254371/,,Any,2025-07-17 12:48:42.070399
Visionary Nest LLC,Research And Development Engineer,https://www.linkedin.com/jobs/view/4266964405/,,Any,2025-07-17 12:48:56.011251
Corvid Technologies,AI/ML Engineer,https://www.linkedin.com/jobs/view/4147720761/,,Any,2025-07-17 12:49:07.703656
AGAP Technologies Inc,Machine Learning (ML) Training,https://www.linkedin.com/jobs/view/4266783373/,,Any,2025-07-17 12:49:23.979494
New York State Office of Mental Health,"Psychiatrist 2 Children & Youth (NY HELPS), New York City Children's Center, Bronx Campus, P25407",https://www.linkedin.com/jobs/view/4198058494/,,Any,2025-07-17 12:49:41.761703
Jobot Consulting,Python Code Reviewer - AI Focus,https://www.linkedin.com/jobs/view/4268223584/,,Any,2025-07-17 12:49:56.146809
Octogen AI,Founding Engineers,https://www.linkedin.com/jobs/view/4248268441/,,Any,2025-07-17 12:50:07.010370
HirePower Staffing Solution,Mobile Application Developer,https://www.linkedin.com/jobs/view/4266963981/,,Any,2025-07-17 12:50:21.538361
Abaka AI｜Data Annotation / Collection / Processing for AI,Algorithm Engineer,https://www.linkedin.com/jobs/view/4268190516/,,Any,2025-07-17 12:50:39.756833
Chan Zuckerberg Initiative,"Machine Learning Engineer, Education",https://www.linkedin.com/jobs/view/4264206634/,,Any,2025-07-17 12:50:56.640232
College Achieve Public Schools (CAPS),ML Teacher,https://www.linkedin.com/jobs/view/4231609219/,,Any,2025-07-17 12:51:15.855623
CyberCoders,AI/ML Engineer - CV Focus,https://www.linkedin.com/jobs/view/4263776582/,,Any,2025-07-17 12:51:49.029889
"Softworld, a Kelly Company",Software Developer - AI/ML- LLJP00001776,https://www.linkedin.com/jobs/view/4256510781/,,Any,2025-07-17 12:52:05.722105
Selby Jennings,Trading Systems Dev,https://www.linkedin.com/jobs/view/4264205579/,,Any,2025-07-17 12:52:26.637398
xAI,"AI Engineer & Researcher - Pre-training Scaling, Data, and Eval",https://www.linkedin.com/jobs/view/4103790104/,,Any,2025-07-17 12:52:47.244940
Jobot Consulting,Python Code Reviewer - AI Focus,https://www.linkedin.com/jobs/view/4268224169/,,Any,2025-07-17 12:53:02.024894
Unusual Ventures,ML/AI Engineer with NLP Specialization - Founding Engineer (Helios),https://www.linkedin.com/jobs/view/4244044857/,,Any,2025-07-17 12:53:17.779454
Stealth AI Enterprise Startup,AI Agents Engineer,https://www.linkedin.com/jobs/view/4262326260/,,Any,2025-07-17 12:53:30.851759
Wiser AI,Founding Engineer,https://www.linkedin.com/jobs/view/4207472474/,,Any,2025-07-17 12:53:42.782024
noto,Founding Engineer,https://www.linkedin.com/jobs/view/4261057722/,,Any,2025-07-17 12:53:50.361741
GaudHammer Gaming Group™,Video Game Audio Designer,https://www.linkedin.com/jobs/view/4268608780/,,Any,2025-07-17 12:54:04.898727
Glocomms,AI Automation Specialist,https://www.linkedin.com/jobs/view/4263088227/,,Any,2025-07-17 12:54:21.229011
My Custom AI,AI / ML Engineer,https://www.linkedin.com/jobs/view/4245649284/,,Any,2025-07-17 12:54:30.719895
A Hiring Company,Academic Assistant - School of Social Science,https://www.linkedin.com/jobs/view/4268608010/,,Any,2025-07-17 12:54:48.982564
Jobot,Reproductive Endocrinologist & Infertility Physician - REI MD,https://www.linkedin.com/jobs/view/4268226259/,,Any,2025-07-17 12:55:07.229581
Harnham,AI Engineer,https://www.linkedin.com/jobs/view/4260291941/,,Any,2025-07-17 12:55:23.015402
Jobot,Professional Engineer (PE) Remote role!,https://www.linkedin.com/jobs/view/4268222485/,,Any,2025-07-17 12:55:41.466659
Jobot,Land Development Engineer,https://www.linkedin.com/jobs/view/4268225511/,,Any,2025-07-17 12:55:49.313166
The Arc Ocean County Chapter,Day Program Instructor (Direct Support Professional),https://www.linkedin.com/jobs/view/4268611119/,,Any,2025-07-17 12:56:07.159647
Saicon,Cyber Security Engineer,https://www.linkedin.com/jobs/view/4268613091/,,Any,2025-07-17 12:56:20.572593
Aarna Software and Solutions LLC,Artificial Intelligence Engineer,https://www.linkedin.com/jobs/view/4268278874/,,Any,2025-07-17 12:56:29.443931
Trinity Rehab,"Physical Therapist - BE THE DIFFERENCE, GROW YOUR SKILLS",https://www.linkedin.com/jobs/view/4267782840/,,Any,2025-07-17 12:56:38.116036
Clifton Public Schools,Middle School Special Education Teacher - Tenure Track,https://www.linkedin.com/jobs/view/4268609989/,,Any,2025-07-17 12:56:55.633223
"Fun Fit Therapy, LLC",Pediatric School Based Physical Therapist,https://www.linkedin.com/jobs/view/4268613899/,,Any,2025-07-17 12:57:05.746571
BSR Physical Therapy,Physical Therapist,https://www.linkedin.com/jobs/view/4268622158/,,Any,2025-07-17 12:57:22.007510
Trinity Rehab,Physical Therapist,https://www.linkedin.com/jobs/view/4267793250/,,Any,2025-07-17 12:57:39.866682
xAI,AI Engineer & Researcher - Inference,https://www.linkedin.com/jobs/view/4103786588/,,Any,2025-07-17 12:58:21.966589
xAI,AI Engineer & Researcher - GPU Kernel,https://www.linkedin.com/jobs/view/4103786582/,,Any,2025-07-17 12:58:39.792650
Sampling Human,AI/ML Scientist,https://www.linkedin.com/jobs/view/4214834978/,,Any,2025-07-17 12:58:53.909528
Parambil,AI Engineer,https://www.linkedin.com/jobs/view/4237922966/,,Any,2025-07-17 12:59:05.672655
Rawle & Henderson LLP,Level 1 User Support Analyst,https://www.linkedin.com/jobs/view/4266974608/,,Any,2025-07-17 12:59:19.636039
Equity Residential,Information Technology Security Analyst,https://www.linkedin.com/jobs/view/4251531750/,,Any,2025-07-17 13:00:11.026490
Coinbase,Blockchain Security Analyst & Researcher,https://www.linkedin.com/jobs/view/4241553187/,,Any,2025-07-17 13:00:24.726698
Aditi Consulting,Tier 3 Vulnerability Security Analyst,https://www.linkedin.com/jobs/view/4261067576/,,Any,2025-07-17 13:00:42.553191
Nation Safe Drivers,Cyber Security Analyst,https://www.linkedin.com/jobs/view/4256304219/,,Any,2025-07-17 13:00:56.647370
KAPITAL,Workday HCM / Fin Security Analyst,https://www.linkedin.com/jobs/view/4231643906/,,Any,2025-07-17 13:01:07.806237
"Independent Software, Inc.","Windows Security Researcher, Level 3",https://www.linkedin.com/jobs/view/4170251084/,,Any,2025-07-17 13:01:21.476455
"Actron Systems, Inc.",Monitoring Specialist,https://www.linkedin.com/jobs/view/4255211822/,,Any,2025-07-17 13:02:03.810153
Trace3,Security,https://www.linkedin.com/jobs/view/4207680914/,,Any,2025-07-17 13:02:17.711563
Hot Jobs - Honey Dubey,Red Team White Box Tester/ Hacker (Bug bounty and CVE),https://www.linkedin.com/jobs/view/4268275530/,,Any,2025-07-17 13:02:36.231408
iFlow Inc.,Hardware Embedded Penetration Tester,https://www.linkedin.com/jobs/view/4261724593/,,Any,2025-07-17 13:02:48.043127
AGAP Technologies Inc,Cyber Security Training,https://www.linkedin.com/jobs/view/4266786137/,,Any,2025-07-17 13:03:01.666293
"Global Technical Talent, an Inc. 5000 Company",Developer - Mastery(Cybersecurity),https://www.linkedin.com/jobs/view/4261992755/,,Any,2025-07-17 13:03:21.139969
Fruition Group,Cybersecurity Services - Field Sales Specialist,https://www.linkedin.com/jobs/view/4253608504/,,Any,2025-07-17 13:03:34.773964
"Watermark Risk Management International, LLC",Information Systems Auditor,https://www.linkedin.com/jobs/view/4230406564/,,Any,2025-07-17 13:03:49.597387
Hubcom,Armis Security Expertise,https://www.linkedin.com/jobs/view/4267303143/,,Any,2025-07-17 13:03:59.868116
LVI Associates,Digital Forensics Leader - California,https://www.linkedin.com/jobs/view/4263252803/,,Any,2025-07-17 13:04:19.222689
MDA Edge,Security Operations Center Lead/SOC Lead,https://www.linkedin.com/jobs/view/4260853298/,,Any,2025-07-17 13:04:35.386262
"BAE Systems, Inc.",Cyber Anst II,https://www.linkedin.com/jobs/view/4261935648/,,Any,2025-07-17 13:04:53.428221
"Toyota Tsusho Systems US, Inc.",Okta Forgerock CIAM,https://www.linkedin.com/jobs/view/4253696132/,,Any,2025-07-17 13:05:12.488763
"Keeper Security, Inc.",Implementation Specialist,https://www.linkedin.com/jobs/view/4260305559/,,Any,2025-07-17 13:05:21.825630
CyberCoders,Cyber Security Specialist,https://www.linkedin.com/jobs/view/4268206809/,,Any,2025-07-17 13:05:36.961814
Delta Downs,Surveillance Agent,https://www.linkedin.com/jobs/view/4263549570/,,Any,2025-07-17 13:05:50.635288
Aditi Consulting,Data Scientist,https://www.linkedin.com/jobs/view/4259479273/,,Any,2025-07-17 13:06:34.451601
Elder Research,Data Scientist (Remote),https://www.linkedin.com/jobs/view/3921376611/,,Any,2025-07-17 13:06:50.152982
Plymouth Rock Assurance,Data Scientist,https://www.linkedin.com/jobs/view/4258047018/,,Any,2025-07-17 13:07:02.648030
MetroStar,Associate Data Scientist (5682),https://www.linkedin.com/jobs/view/4150388919/,,Any,2025-07-17 13:07:17.083047
"Agero, Inc.",Data Scientist (Forecasting),https://www.linkedin.com/jobs/view/4236112609/,,Any,2025-07-17 13:07:33.589810
ID.me,Fraud Data Scientist,https://www.linkedin.com/jobs/view/4121538629/,,Any,2025-07-17 13:07:48.584262
,,,,Any,2025-07-17 13:07:53.471993
,,,,Any,2025-07-17 13:07:58.373635
,,,,Any,2025-07-17 13:08:02.950719
,,,,Any,2025-07-17 13:08:07.967437
,,,,Any,2025-07-17 13:08:13.956239
,,,,Any,2025-07-17 13:08:18.824062
,,,,Any,2025-07-17 13:08:22.617275
,,,,Any,2025-07-17 13:08:28.023174
,,,,Any,2025-07-17 13:08:34.080573
,,,,Any,2025-07-17 13:08:40.064989
,,,,Any,2025-07-17 13:08:44.026625
,,,,Any,2025-07-17 13:08:50.150057
,,,,Any,2025-07-17 13:08:53.400687
,,,,Any,2025-07-17 13:08:58.630851
Coinbase,Blockchain Security Engineer,https://www.linkedin.com/jobs/view/4226383152/,,Any,2025-07-17 13:20:06.540435
Visionary Nest LLC,System Engineer,https://www.linkedin.com/jobs/view/4268275417/,,Any,2025-07-17 13:20:20.622342
Digitive,Junior C++ Developer,https://www.linkedin.com/jobs/view/4268625423/,,Any,2025-07-17 13:20:33.753703
Saicon,Cyber Security Engineer,https://www.linkedin.com/jobs/view/4268613091/,,Any,2025-07-17 13:37:47.417928
detections.ai,Threat Reseacher,https://www.linkedin.com/jobs/view/4268100251/,,Any,2025-07-22 09:42:36.345984
Raintree Systems,IT Security Analyst,https://www.linkedin.com/jobs/view/4258140848/,,Any,2025-07-22 09:43:30.847551
Avance Consulting,Content Writer-AI/ML,https://www.linkedin.com/jobs/view/4270522331/,,Any,2025-07-22 09:46:18.682527
Tandym Group,AI Workflow Developer - Media and Entertainment,https://www.linkedin.com/jobs/view/4270270736/,,Any,2025-07-22 09:46:58.236364
Valorian,"Part-Time Technical Coordinator (Remote – DevOps, Product, or Engineering Track)",https://www.linkedin.com/jobs/view/4254455036/,,Any,2025-07-22 09:47:37.349329
Pulchritude Fashion Studio,AI Researcher,https://www.linkedin.com/jobs/view/4268572409/,,Any,2025-07-22 09:48:11.360815
Synlico Inc.,Machine Learning Scientist,https://www.linkedin.com/jobs/view/4270287556/,,Any,2025-07-22 09:49:12.453900
Coinbase,ERM Analyst,https://www.linkedin.com/jobs/view/4271022161/,,Any,2025-07-22 09:51:54.157072
First Soft Solutions LLC,Gen AI Developer,https://www.linkedin.com/jobs/view/4258502919/,,Any,2025-07-22 09:53:04.720118
10x,Robotics Apprentice - Remote,https://www.linkedin.com/jobs/view/4262497877/,,Any,2025-07-22 09:54:08.225803
Opal,Founding engineer,https://www.linkedin.com/jobs/view/4270401624/,,Any,2025-07-22 09:55:13.947084
One Technology,General Applicants,https://www.linkedin.com/jobs/view/4235897084/,,Any,2025-07-22 09:55:29.780221
INSPYR Solutions,Data Scientist,https://www.linkedin.com/jobs/view/4269520991/,,Any,2025-07-22 09:56:23.573590
iFlow Inc.,Digital Product Analyst _ Remote (Irvine OR Palo Alto) _ W2 Only,https://www.linkedin.com/jobs/view/4196473619/,,Any,2025-07-22 09:57:37.584263
Brain Bytes Creative LLC,Web Design Outsourcer,https://www.linkedin.com/jobs/view/4269020943/,,Any,2025-07-22 09:58:48.084624
KronosAI,Research Engineer - Computational Physics,https://www.linkedin.com/jobs/view/4269941768/,,Any,2025-07-22 09:59:57.291109
Woyage AI,Software Engineer Frontend / Mobile,https://www.linkedin.com/jobs/view/4268446949/,,Any,2025-07-22 10:01:09.986895
eranova,Full Stack Engineer,https://www.linkedin.com/jobs/view/4255846421/,,Any,2025-07-22 10:10:21.657405
Dexian,Full Stack AWS Cloud Native Developer,https://www.linkedin.com/jobs/view/4261174644/,,Any,2025-07-22 10:10:57.492341
Prana Path,Statistics PhDs,https://www.linkedin.com/jobs/view/4270417599/,,Any,2025-07-22 10:12:14.830212
PointClickCare,(US) Software Implementation Consultant - (Financial),https://www.linkedin.com/jobs/view/4265014677/,,Any,2025-07-22 10:13:50.368011
Heatseeker,Customer Success: Research & Experimentation Specialist (US),https://www.linkedin.com/jobs/view/4249401156/,,Any,2025-07-22 10:15:16.092675
Trace3,General Applicants,https://www.linkedin.com/jobs/view/4057332534/,,Any,2025-07-22 10:16:53.971289
Valnet,MakeUseOf - Tech Explained Writer,https://www.linkedin.com/jobs/view/4266597528/,,Any,2025-07-22 10:17:39.706536
Ballotpedia,News Team Staff Researcher (Remote),https://www.linkedin.com/jobs/view/4243868379/,,Any,2025-07-22 10:18:15.877600
Jobgether,Onboarding Specialist (Remote - US),https://www.linkedin.com/jobs/view/4260388826/,,Any,2025-07-22 10:18:50.280543
BrilliaCore,Business Development Specialist Fresh Grads,https://www.linkedin.com/jobs/view/4268563048/,,Any,2025-07-22 10:20:32.610725
PointClickCare,(US) Software Implementation Consultant - (Financial),https://www.linkedin.com/jobs/view/4265014677/,,Any,2025-07-22 10:21:19.116697
Harnham,Frontend Engineer (React),https://www.linkedin.com/jobs/view/4264620855/,,Any,2025-07-22 10:21:38.431487
Atrium,Clinical Psychologist (Remote) - 156404,https://www.linkedin.com/jobs/view/4264570569/,,Any,2025-07-22 10:22:17.343789
Vursa,Account Executive / Customer Success – AI-Powered Systematic Literature Review Tool,https://www.linkedin.com/jobs/view/4264261332/,,Any,2025-07-22 10:23:28.762910
"Flowmentum, Inc.",Artificial Intelligence Engineer,https://www.linkedin.com/jobs/view/4263935618/,,Any,2025-07-22 10:23:46.658182
Alium,Customer Success Associate,https://www.linkedin.com/jobs/view/4263483607/,,Any,2025-07-22 10:24:03.116867
Infosys,Graduate Management Trainee,https://www.linkedin.com/jobs/view/4263377166/,,Any,2025-07-22 10:24:19.582822
Avance Consulting,Content Analyst – AI/ML,https://www.linkedin.com/jobs/view/4270517952/,,Any,2025-07-22 10:25:29.964473
Hashlock,Smart Contract Auditor,https://www.linkedin.com/jobs/view/4241640177/,,Any,2025-07-22 10:28:52.296737
Royce & Company,Commission-Only B2B Sales - Cybersecurity Consulting & Compliance Services Remote | Contract | High Commission + Leadership Opportunity,https://www.linkedin.com/jobs/view/4267527880/,,Any,2025-07-22 10:30:20.402913
Pursuit,Business Development Representative,https://www.linkedin.com/jobs/view/4261749720/,,Any,2025-07-22 10:31:34.045784
Raintree Systems,IT Security Analyst,https://www.linkedin.com/jobs/view/4258140848/,,Any,2025-07-22 10:58:59.505780
Coinbase,Blockchain Security Analyst & Researcher,https://www.linkedin.com/jobs/view/4241553187/,,Any,2025-07-22 10:59:14.347405
Tandym Group,Salesforce CRM Analytics Engineer,https://www.linkedin.com/jobs/view/4266547509/,,Any,2025-07-22 11:00:16.136599
Raintree Systems,IT Security Analyst,https://www.linkedin.com/jobs/view/4258140848/,,Any,2025-07-22 11:02:42.146540
Coinbase,Blockchain Security Analyst & Researcher,https://www.linkedin.com/jobs/view/4241553187/,,Any,2025-07-22 11:02:55.886108
Largeton Group,CyberArk PAM Engineer,https://www.linkedin.com/jobs/view/4269561085/,,Any,2025-07-22 11:04:27.586656
Raintree Systems,IT Security Analyst,https://www.linkedin.com/jobs/view/4258140848/,,Any,2025-07-22 11:08:19.923329
Coinbase,Blockchain Security Analyst & Researcher,https://www.linkedin.com/jobs/view/4241553187/,,Any,2025-07-22 11:08:55.459701
Raintree Systems,IT Security Analyst,https://www.linkedin.com/jobs/view/4258140848/,,Any,2025-07-22 11:15:02.384498
Coinbase,Blockchain Security Analyst & Researcher,https://www.linkedin.com/jobs/view/4241553187/,,Any,2025-07-22 11:15:31.126891
Turing,Remote Reasoning Analyst - 38786,https://www.linkedin.com/jobs/view/4271054164/,,Any,2025-07-22 11:20:34.305724
aerialPLOT,Software Developer,https://www.linkedin.com/jobs/view/4271335418/,,Remote,2025-07-24 20:25:29.258814
Conway Wealth,Business Development Representative,https://www.linkedin.com/jobs/view/4266387550/,,Remote,2025-07-24 20:34:43.448827
Phoenix Cargo,Sales Business Development,https://www.linkedin.com/jobs/view/4257335190/,,Remote,2025-07-24 20:35:29.531436
Dana Torossi Business Solutions LLC,Business Development - HUNTER,https://www.linkedin.com/jobs/view/4270036402/,,Remote,2025-07-24 20:36:56.632104
MonarkHQ,Business Development Representative,https://www.linkedin.com/jobs/view/4274516621/,,Remote,2025-07-24 20:38:25.917989
Cliganic,Business Development Representative,https://www.linkedin.com/jobs/view/4268060465/,,Remote,2025-07-24 20:39:55.042140
"Buettner Processing Solutions, LLC",Business Development Representative,https://www.linkedin.com/jobs/view/4262188408/,,Remote,2025-07-24 20:41:26.753091
"Paradigm Works, Inc.",UVM Verification Engineer,https://www.linkedin.com/jobs/view/4251998320/,,Remote,2025-07-24 20:43:28.231897
skillrex,Cyber Tabletop Exercise (TTX) Designer & Facilitator,https://www.linkedin.com/jobs/view/4257486032/,,Remote,2025-07-24 20:49:15.778604
Global Commerce Systems Inc,IBM MQ SME,https://www.linkedin.com/jobs/view/4253458076/,,Remote,2025-07-24 20:50:47.861857
"Energy Efficiency Advisers, Inc.",PowerClerk Support Consultant,https://www.linkedin.com/jobs/view/4266723730/,,Remote,2025-07-24 20:52:28.094379
StepSecurity,Founding Solutions Engineer,https://www.linkedin.com/jobs/view/4246268970/,,Remote,2025-07-24 20:57:06.432247
swyft,Domo Engineer,https://www.linkedin.com/jobs/view/4265026325/,,Remote,2025-07-24 20:58:30.370555
BetterAI,Senior LLM Specialist,https://www.linkedin.com/jobs/view/4212271032/,,Remote,2025-07-24 20:59:10.697915
GLD,NetSuite Admin / ERP Systems Manager,https://www.linkedin.com/jobs/view/4275459524/,,Remote,2025-07-24 21:04:01.177951
Synlico Inc.,Machine Learning Scientist,https://www.linkedin.com/jobs/view/4270287556/,,New Jersey,2025-07-24 21:06:20.467549
Synlico Inc.,Machine Learning Scientist,https://www.linkedin.com/jobs/view/4270287556/,,New York,2025-07-24 21:06:59.569151
Qumodity LLC,Security Engineer,https://www.linkedin.com/jobs/view/4271476854/,,New Jersey,2025-07-24 21:08:07.855834
GOVSTAR,"Full-Stack Python Software Engineer for AI Project (Remote, US Citizen Only)",https://www.linkedin.com/jobs/view/4271082828/,,New Jersey,2025-07-24 21:08:31.477152
GOVSTAR,"Full-Stack Python Software Engineer for AI Project (Remote, US Citizen Only)",https://www.linkedin.com/jobs/view/4271082828/,,New York,2025-07-24 21:08:34.044393
Qumodity LLC,Security Engineer,https://www.linkedin.com/jobs/view/4271476854/,,New York,2025-07-24 21:08:53.357072
StartupHakk ,.NET + React.js Fullstack Software Developer,https://www.linkedin.com/jobs/view/4268921294/,,New Jersey,2025-07-24 21:09:54.211671
StartupHakk ,.NET + React.js Fullstack Software Developer,https://www.linkedin.com/jobs/view/4268921294/,,New York,2025-07-24 21:10:13.815119
Lindy,Full Stack Software Engineer,https://www.linkedin.com/jobs/view/4270048253/,,New Jersey,2025-07-24 21:10:47.381867
BitMart,Crypto Listing Business Development,https://www.linkedin.com/jobs/view/4268163364/,,New Jersey,2025-07-25 09:12:40.866098
Centraprise,Teamcenter Developer,https://www.linkedin.com/jobs/view/4271828047/,,New Jersey,2025-07-25 09:14:20.256635
Taras Technology LLC,"100% Remote, Sr. Python/React Web developer - Finance Domain Must - Only W2",https://www.linkedin.com/jobs/view/4275418160/,,New Jersey,2025-07-25 09:15:04.708978
Net2Source (N2S),Business Development Executive,https://www.linkedin.com/jobs/view/4267254426/,,New Jersey,2025-07-25 09:15:41.781363
Russell Tobin,PL/SQL core Java with Deltek Maconomy Extender developer with certified,https://www.linkedin.com/jobs/view/4258132611/,,New Jersey,2025-07-25 09:17:33.002452
Imaginario AI,Full stack developer (Python+REACT),https://www.linkedin.com/jobs/view/4265152375/,,Any,2025-07-25 12:33:34.155733
ISTA Solutions,Data Analyst - EST Hours (Remote),https://www.linkedin.com/jobs/view/4228272246/,,Any,2025-07-25 12:34:59.807073
Storm Ideas,AI Enablement Coordinator (Non-Coding),https://www.linkedin.com/jobs/view/4267457275/,,Any,2025-07-25 12:35:51.120290
Imaginario AI,Full stack developer (Python+REACT),https://www.linkedin.com/jobs/view/4265152375/,,Any,2025-07-25 12:36:16.460608
Halr,Back End Developer,https://www.linkedin.com/jobs/view/4256482751/,,Any,2025-07-25 12:37:47.289661
Yes.inc,AI Implementation Engineer,https://www.linkedin.com/jobs/view/4269655825/,,Any,2025-07-25 12:39:04.488532
Matthew chung,Marketing Specialist,https://www.linkedin.com/jobs/view/4275359105/,,Any,2025-07-25 12:40:08.475064
BnBerry,Hospitality Sales Development Representative,https://www.linkedin.com/jobs/view/4251680256/,,Any,2025-07-25 12:41:35.646988
Storm Ideas,Graduate AI Operations Associate (Non-Coding),https://www.linkedin.com/jobs/view/4267451555/,,Any,2025-07-25 12:49:15.199362
Impact Clients,Client support representative,https://www.linkedin.com/jobs/view/4254057700/,,Any,2025-07-25 12:50:54.682398
ISTA Solutions,Data Analyst - EST Hours (Remote),https://www.linkedin.com/jobs/view/4228272246/,,Any,2025-07-25 12:51:52.495309
Rankona Mazon,Amazon Agency Listing Copywriter & Catalog Associate,https://www.linkedin.com/jobs/view/4261756998/,,Any,2025-07-25 12:52:39.954190
Storm Ideas,AI Productivity & Process Trainee (Non-Coding),https://www.linkedin.com/jobs/view/4267457381/,,Any,2025-07-25 12:53:30.499093
BnBerry,Hospitality Sales Development Representative,https://www.linkedin.com/jobs/view/4251680256/,,Any,2025-07-25 12:54:04.498557
Tolq,SaaS Sales Representative,https://www.linkedin.com/jobs/view/4263491101/,,Any,2025-07-25 12:55:00.948966
iliomad Health Data ,Data Protection Knowledge Officer,https://www.linkedin.com/jobs/view/4266531530/,,Any,2025-07-25 14:09:16.809518
ISTA Solutions,Virtual Healthcare Case Coordinator (Skilled Nursing) - EST hours (Remote),https://www.linkedin.com/jobs/view/4247437520/,,Any,2025-07-25 14:10:02.862114
ISTA Solutions,Data Analyst - EST Hours (Remote),https://www.linkedin.com/jobs/view/4228272246/,,Any,2025-07-25 14:11:22.805852
ISTA Solutions,Virtual Healthcare Case Coordinator (Skilled Nursing) - EST hours (Remote),https://www.linkedin.com/jobs/view/4247437520/,,Any,2025-07-25 15:54:58.496524
iliomad Health Data ,Data Protection Knowledge Officer,https://www.linkedin.com/jobs/view/4266531530/,,Any,2025-07-25 15:55:08.484281
ISTA Solutions,Data Analyst - EST Hours (Remote),https://www.linkedin.com/jobs/view/4228272246/,,Any,2025-07-25 18:05:19.407732
,,,,Any,2025-07-25 18:05:24.236255
ISTA Solutions,Virtual Healthcare Case Coordinator (Skilled Nursing) - EST hours (Remote),https://www.linkedin.com/jobs/view/4247437520/,,Any,2025-07-25 18:07:10.460922
ISTA Solutions,Data Analyst - EST Hours (Remote),https://www.linkedin.com/jobs/view/4228272246/,,Any,2025-07-28 13:20:39.671512
Tolq,SaaS Sales Representative,https://www.linkedin.com/jobs/view/4263491101/,,Any,2025-07-28 13:21:34.534141
African Safari Group,Junior IT Support,https://www.linkedin.com/jobs/view/4276554479/,,Any,2025-07-28 13:23:00.306109
CitiusTech,Data Governance Analyst,https://www.linkedin.com/jobs/view/4277250585/,,New Jersey,2025-07-28 15:28:51.520092
"Peskind Executive Search, Inc. ",Computer Vision & Algorithms Engineer (NJ Based),https://www.linkedin.com/jobs/view/4260713164/,,New Jersey,2025-07-28 15:29:31.921285
Stratacent,Cloud Data Engineer,https://www.linkedin.com/jobs/view/4255952964/,,New Jersey,2025-07-28 15:30:53.359637
AMISEQ,DataBricks Architect,https://www.linkedin.com/jobs/view/4260403176/,,New Jersey,2025-07-28 15:32:08.853464
Covenant HR,Cognitive Computing Specialist,https://www.linkedin.com/jobs/view/4275631369/,,New Jersey,2025-07-28 15:33:35.559413
Bayforce,Data Engineer,https://www.linkedin.com/jobs/view/4275798256/,,New Jersey,2025-07-28 15:35:02.547124
Diabsolut,Solutions Consultant,https://www.linkedin.com/jobs/view/4269399021/,,New Jersey,2025-07-28 18:44:13.191446
United Software Group Inc,Delinea Admin,https://www.linkedin.com/jobs/view/4271751458/,,New Jersey,2025-07-28 18:45:43.682052
Corebridge Financial,Application Pentest Operations Manager,https://www.linkedin.com/jobs/view/4262871074/,,New Jersey,2025-07-28 18:46:33.492988
ALOIS Solutions,Information Technology Business Partner,https://www.linkedin.com/jobs/view/4277233578/,,Remote,2025-07-28 19:08:13.791971
Robert Half,IT Compliance Business Analyst,https://www.linkedin.com/jobs/view/4268441820/,,Remote,2025-07-28 19:09:25.531142
LeadStack Inc.,Content Management System Analyst - 25-02948,https://www.linkedin.com/jobs/view/4275398712/,,Remote,2025-07-28 19:10:59.274111
Ant Farm Services,Configuration Manager,https://www.linkedin.com/jobs/view/4272435986/,,Remote,2025-07-28 19:12:21.725525
Avance Consulting,GCP Data Engineer,https://www.linkedin.com/jobs/view/4273288813/,,Remote,2025-07-28 19:16:20.668438
Info Services,AI Prompt Engineer,https://www.linkedin.com/jobs/view/4275965790/,,New York,2025-08-06 19:53:44.317530
Aptonet,Fullstack React JS/Node JS developer (No C2C),https://www.linkedin.com/jobs/view/4277581157/,,New York,2025-08-06 19:56:39.286058
Andiamo,Machine Learning Engineer,https://www.linkedin.com/jobs/view/4256198568/,,"""New York""]",2025-08-06 20:49:58.704659
Protopia AI,Machine Learning Engineer,https://www.linkedin.com/jobs/view/4280342133/,,"""New York""]",2025-08-06 20:51:03.170625
Centraprise,Docusign SME,https://www.linkedin.com/jobs/view/4280838190/,,Remote,2025-08-07 16:51:30.654388
EVERSANA INTOUCH,Content Engineer,https://www.linkedin.com/jobs/view/4281389146/,,United States,2025-08-07 16:57:32.471275
Franklin Fitch,Software Engineer,https://www.linkedin.com/jobs/view/4275414100/,,United States,2025-08-07 16:58:32.245109
Tier4 Group,Associate Developer - 4427,https://www.linkedin.com/jobs/view/4265498169/,,United States,2025-08-07 16:59:59.905708
Third Eye Software,Full Stack Software Engineer (GenAI) - (25072401),https://www.linkedin.com/jobs/view/4269672598/,,United States,2025-08-07 17:00:53.757672
Bestica Inc.,RPA Developer,https://www.linkedin.com/jobs/view/4280946399/,,United States,2025-08-07 17:02:20.807635
Company Confidential,Full Stack Engineer,https://www.linkedin.com/jobs/view/4273309349/,,United States,2025-08-07 17:03:48.610868
Aptonet,AEM Developer,https://www.linkedin.com/jobs/view/4279708738/,,United States,2025-08-07 17:05:10.607518
Aretum,SharePoint/Power Platform Developer 1,https://www.linkedin.com/jobs/view/4273241564/,,United States,2025-08-07 17:06:22.114792
TalentOla,Developer (Genesys),https://www.linkedin.com/jobs/view/4275954884/,,United States,2025-08-07 17:07:26.562723
